{
    "hehe": [
        0.9208000302314758,
        1.9513438940048218,
        0.861828355211649,
        0.5072000454980102
    ],
    "test": [
        0.9208000302314758,
        1.9513438940048218,
        0.861828355211649,
        0.5072000454980102
    ]
}