{
    "new": [
        4.813012599945068,
        7.165207862854004,
        -0.9683152046233021,
        0.2497311844670837
    ],
    "test": [
        0.06917524337768555,
        5.14830207824707,
        0.9637528915815967,
        0.26679648417494447
    ],
    "wow": [
        0.14879989624023438,
        -0.5126664638519287,
        0.5721243958426748,
        0.820166858438973
    ]
}