{
    "test": [
        1.3426270484924317,
        5.729197978973389,
        0.3788803919588129,
        0.9254456486413107
    ],
    "wow": [
        0.04071313142776489,
        -0.22478985786437989,
        0.5752669905332266,
        0.8179657019721821
    ]
}