{
    "LOL": [
        0.21384751796722413,
        0.1413865089416504,
        0.5495594589255376,
        0.8354546074476281
    ],
    "hehe": [
        4.851000785827637,
        7.1514129638671879,
        -0.9968057583751867,
        0.07986413506743265
    ],
    "test": [
        -0.8304481506347656,
        5.514019966125488,
        0.12983920723380738,
        0.9915350625494271
    ]
}