{
    "hehe": [
        6.3491010665893559,
        5.9221510887146,
        -0.9781277783890923,
        0.2080049257676813
    ],
    "test": [
        -0.9652432203292847,
        5.657132148742676,
        -0.03698246838818128,
        0.9993159145294931
    ],
    "wow": [
        1.122179388999939,
        5.726623058319092,
        -0.5262107951371028,
        0.850354160971285
    ]
}