{
    "first_goal": [
        0.0,
        0.1,
        0.2,
        0.30000000000000007
    ],
    "second_goal": [
        4.0,
        4.1,
        4.199999999999999,
        4.299999999999999
    ]
}