{
    "first_goal": [
        0.0,
        0.1,
        0.2,
        0.30000000000000007
    ],
    "second_goal": [
        2.0,
        2.1,
        2.2,
        2.3000000000000004
    ]
}